{
  "linear": {
    "slope": -0.15034729894364976,
    "intercept": 16.908447182104172,
    "R2": 0.9957215714568556,
    "RMSE": 0.3703804634900085
  },
  "quadratic": {
    "a": -5.017946801716706e-05,
    "b": -0.14527974624307027,
    "c": 16.851993139082186,
    "R2": 0.9958145585912895,
    "RMSE": 0.36633343876485575
  },
  "key_finding": "Every 10% CCR increase costs 1.50% efficiency"
}